y_true,y_pred,y_score
0.000000000000000000e+00,0.000000000000000000e+00,3.022953258656445666e-02
0.000000000000000000e+00,0.000000000000000000e+00,5.901876891944124427e-05
0.000000000000000000e+00,0.000000000000000000e+00,6.235487899365906105e-08
1.000000000000000000e+00,1.000000000000000000e+00,9.979403041050552980e-01
0.000000000000000000e+00,0.000000000000000000e+00,6.042724491429139270e-07
1.000000000000000000e+00,0.000000000000000000e+00,4.644102953457975858e-01
1.000000000000000000e+00,1.000000000000000000e+00,9.802052091951157786e-01
0.000000000000000000e+00,0.000000000000000000e+00,1.567401798669824670e-04
0.000000000000000000e+00,0.000000000000000000e+00,2.145922136613100384e-01
0.000000000000000000e+00,0.000000000000000000e+00,1.630760469441317910e-06
1.000000000000000000e+00,1.000000000000000000e+00,9.999990736053450124e-01
1.000000000000000000e+00,1.000000000000000000e+00,9.288999185862047980e-01
0.000000000000000000e+00,0.000000000000000000e+00,8.908899576129575325e-04
0.000000000000000000e+00,0.000000000000000000e+00,9.518459722771846444e-04
1.000000000000000000e+00,1.000000000000000000e+00,9.759550405488336411e-01
1.000000000000000000e+00,1.000000000000000000e+00,9.984737637010477895e-01
1.000000000000000000e+00,1.000000000000000000e+00,9.461833581626013512e-01
0.000000000000000000e+00,0.000000000000000000e+00,1.486962773952704188e-02
1.000000000000000000e+00,1.000000000000000000e+00,9.995952849632356862e-01
1.000000000000000000e+00,1.000000000000000000e+00,9.999999469557879772e-01
0.000000000000000000e+00,0.000000000000000000e+00,1.492811783487382098e-03
0.000000000000000000e+00,0.000000000000000000e+00,1.435270036365355988e-02
0.000000000000000000e+00,0.000000000000000000e+00,2.286280853474171922e-08
0.000000000000000000e+00,0.000000000000000000e+00,4.520509060079368159e-04
0.000000000000000000e+00,0.000000000000000000e+00,3.083222266192016284e-04
0.000000000000000000e+00,0.000000000000000000e+00,2.441405712157717831e-02
0.000000000000000000e+00,0.000000000000000000e+00,4.872185824348680000e-02
0.000000000000000000e+00,0.000000000000000000e+00,1.336055996660527479e-05
1.000000000000000000e+00,1.000000000000000000e+00,8.424957129075100193e-01
1.000000000000000000e+00,1.000000000000000000e+00,9.974168059983474777e-01
0.000000000000000000e+00,0.000000000000000000e+00,9.701320126245242858e-08
0.000000000000000000e+00,0.000000000000000000e+00,2.034875196475017037e-02
1.000000000000000000e+00,1.000000000000000000e+00,9.962958652251180380e-01
1.000000000000000000e+00,1.000000000000000000e+00,9.999173503769763771e-01
0.000000000000000000e+00,0.000000000000000000e+00,1.029205744993616950e-04
0.000000000000000000e+00,0.000000000000000000e+00,1.142899072037311943e-04
0.000000000000000000e+00,0.000000000000000000e+00,2.190221844227344290e-03
0.000000000000000000e+00,0.000000000000000000e+00,7.796993751796759721e-03
0.000000000000000000e+00,0.000000000000000000e+00,2.124879922367421681e-02
1.000000000000000000e+00,1.000000000000000000e+00,9.996196157198957710e-01
0.000000000000000000e+00,0.000000000000000000e+00,5.511624577545594081e-08
1.000000000000000000e+00,1.000000000000000000e+00,9.999958418859362652e-01
0.000000000000000000e+00,0.000000000000000000e+00,1.326882729320060439e-03
1.000000000000000000e+00,1.000000000000000000e+00,9.980162389863764805e-01
0.000000000000000000e+00,0.000000000000000000e+00,4.981515826887147511e-05
1.000000000000000000e+00,1.000000000000000000e+00,9.347046756389219002e-01
0.000000000000000000e+00,0.000000000000000000e+00,1.558472239757718002e-03
1.000000000000000000e+00,1.000000000000000000e+00,9.999985487799971651e-01
1.000000000000000000e+00,1.000000000000000000e+00,9.973825186527391917e-01
1.000000000000000000e+00,1.000000000000000000e+00,9.944084505913047822e-01
0.000000000000000000e+00,0.000000000000000000e+00,3.349381310359677861e-04
0.000000000000000000e+00,0.000000000000000000e+00,7.856426888730668227e-05
1.000000000000000000e+00,1.000000000000000000e+00,9.949481309224704750e-01
1.000000000000000000e+00,1.000000000000000000e+00,7.793369412346754510e-01
0.000000000000000000e+00,0.000000000000000000e+00,4.050229171719478926e-06
1.000000000000000000e+00,1.000000000000000000e+00,9.999931398986642295e-01
0.000000000000000000e+00,0.000000000000000000e+00,1.709035306218840782e-04
1.000000000000000000e+00,1.000000000000000000e+00,9.999413895707500721e-01
0.000000000000000000e+00,0.000000000000000000e+00,2.161241539955399693e-02
0.000000000000000000e+00,0.000000000000000000e+00,3.556457779383410522e-03
0.000000000000000000e+00,0.000000000000000000e+00,8.858789630089883640e-03
1.000000000000000000e+00,1.000000000000000000e+00,8.673098932584158982e-01
0.000000000000000000e+00,0.000000000000000000e+00,4.774280929651923580e-05
1.000000000000000000e+00,1.000000000000000000e+00,9.064531051337703094e-01
0.000000000000000000e+00,0.000000000000000000e+00,1.121023155505711799e-01
0.000000000000000000e+00,0.000000000000000000e+00,7.542764438877832766e-10
1.000000000000000000e+00,1.000000000000000000e+00,9.999997427550011420e-01
1.000000000000000000e+00,1.000000000000000000e+00,9.999968870070657934e-01
0.000000000000000000e+00,0.000000000000000000e+00,3.229501832730593408e-02
0.000000000000000000e+00,0.000000000000000000e+00,3.892447156977232662e-06
0.000000000000000000e+00,0.000000000000000000e+00,3.653018901006999802e-02
0.000000000000000000e+00,0.000000000000000000e+00,1.474836824708689184e-04
1.000000000000000000e+00,1.000000000000000000e+00,9.999945603226031432e-01
0.000000000000000000e+00,0.000000000000000000e+00,3.397927657285494500e-03
1.000000000000000000e+00,1.000000000000000000e+00,9.976699501013082116e-01
1.000000000000000000e+00,1.000000000000000000e+00,9.982774320143047442e-01
0.000000000000000000e+00,0.000000000000000000e+00,5.874196166137879051e-07
1.000000000000000000e+00,1.000000000000000000e+00,9.996528395921285837e-01
0.000000000000000000e+00,0.000000000000000000e+00,5.671932392065015327e-07
1.000000000000000000e+00,1.000000000000000000e+00,9.924281297884556263e-01
1.000000000000000000e+00,1.000000000000000000e+00,9.999773710326869125e-01
0.000000000000000000e+00,0.000000000000000000e+00,3.163070971043627374e-04
1.000000000000000000e+00,1.000000000000000000e+00,9.957560759062973332e-01
0.000000000000000000e+00,0.000000000000000000e+00,1.145088501043581917e-06
0.000000000000000000e+00,0.000000000000000000e+00,1.122241679473003940e-02
1.000000000000000000e+00,1.000000000000000000e+00,9.989262771199042268e-01
1.000000000000000000e+00,1.000000000000000000e+00,7.999763700558226720e-01
1.000000000000000000e+00,1.000000000000000000e+00,9.978848595802654042e-01
0.000000000000000000e+00,0.000000000000000000e+00,1.410130951653792708e-01
0.000000000000000000e+00,0.000000000000000000e+00,3.851805076050134508e-06
1.000000000000000000e+00,1.000000000000000000e+00,9.839263437982237459e-01
0.000000000000000000e+00,0.000000000000000000e+00,1.161418546756120128e-05
0.000000000000000000e+00,0.000000000000000000e+00,8.808622831880786154e-04
0.000000000000000000e+00,0.000000000000000000e+00,8.430608819270279941e-02
0.000000000000000000e+00,0.000000000000000000e+00,2.289597319468348197e-08
0.000000000000000000e+00,0.000000000000000000e+00,1.365799626510437758e-06
1.000000000000000000e+00,1.000000000000000000e+00,9.912637853487830109e-01
0.000000000000000000e+00,0.000000000000000000e+00,4.874587290602154857e-03
0.000000000000000000e+00,0.000000000000000000e+00,5.395781416486870874e-02
0.000000000000000000e+00,0.000000000000000000e+00,5.004708946740476366e-02
1.000000000000000000e+00,1.000000000000000000e+00,9.998332811254845298e-01
0.000000000000000000e+00,0.000000000000000000e+00,5.731739104685201758e-02
0.000000000000000000e+00,0.000000000000000000e+00,2.317375001828241854e-01
0.000000000000000000e+00,0.000000000000000000e+00,1.468177575642894139e-02
0.000000000000000000e+00,0.000000000000000000e+00,2.833266210037341803e-01
1.000000000000000000e+00,1.000000000000000000e+00,9.931151557366580951e-01
1.000000000000000000e+00,1.000000000000000000e+00,6.004024079972420935e-01
1.000000000000000000e+00,1.000000000000000000e+00,9.999694694492817781e-01
1.000000000000000000e+00,1.000000000000000000e+00,9.999924172423744206e-01
1.000000000000000000e+00,1.000000000000000000e+00,9.938062869464858728e-01
1.000000000000000000e+00,1.000000000000000000e+00,9.999941440823322258e-01
0.000000000000000000e+00,0.000000000000000000e+00,1.033947064487820422e-01
1.000000000000000000e+00,1.000000000000000000e+00,9.999806808897715449e-01
1.000000000000000000e+00,1.000000000000000000e+00,9.935719945998590097e-01
0.000000000000000000e+00,0.000000000000000000e+00,3.858766964063299609e-02
1.000000000000000000e+00,1.000000000000000000e+00,9.999957243114230288e-01
1.000000000000000000e+00,1.000000000000000000e+00,9.986878444018643108e-01
0.000000000000000000e+00,0.000000000000000000e+00,4.168530354000588625e-05
0.000000000000000000e+00,0.000000000000000000e+00,8.073008076121404922e-06
1.000000000000000000e+00,1.000000000000000000e+00,9.730253043623923181e-01
1.000000000000000000e+00,1.000000000000000000e+00,9.999992110190315531e-01
0.000000000000000000e+00,0.000000000000000000e+00,2.398518626682938869e-05
0.000000000000000000e+00,0.000000000000000000e+00,2.886935757613637819e-03
1.000000000000000000e+00,1.000000000000000000e+00,8.278449440311490548e-01
1.000000000000000000e+00,1.000000000000000000e+00,8.039838528312267529e-01
0.000000000000000000e+00,0.000000000000000000e+00,4.700795626876530520e-03
0.000000000000000000e+00,0.000000000000000000e+00,1.163838061159034400e-04
1.000000000000000000e+00,1.000000000000000000e+00,9.999950600602394157e-01
1.000000000000000000e+00,1.000000000000000000e+00,9.920438131209079469e-01
0.000000000000000000e+00,0.000000000000000000e+00,1.259333055156505732e-01
0.000000000000000000e+00,0.000000000000000000e+00,1.860001288764791608e-02
0.000000000000000000e+00,0.000000000000000000e+00,7.813296023868369585e-06
0.000000000000000000e+00,0.000000000000000000e+00,4.993441993225523684e-04
1.000000000000000000e+00,1.000000000000000000e+00,9.999597402551525516e-01
0.000000000000000000e+00,0.000000000000000000e+00,4.740807606973540533e-04
0.000000000000000000e+00,0.000000000000000000e+00,2.810926870297619090e-02
0.000000000000000000e+00,0.000000000000000000e+00,1.515495300429163918e-03
1.000000000000000000e+00,1.000000000000000000e+00,9.537792733679394397e-01
1.000000000000000000e+00,1.000000000000000000e+00,9.999756561655991360e-01
0.000000000000000000e+00,0.000000000000000000e+00,3.993831458067034025e-05
1.000000000000000000e+00,1.000000000000000000e+00,9.999096416448181035e-01
1.000000000000000000e+00,1.000000000000000000e+00,9.995925698630655498e-01
0.000000000000000000e+00,0.000000000000000000e+00,1.873143121371671771e-01
0.000000000000000000e+00,0.000000000000000000e+00,4.699252652920552810e-03
0.000000000000000000e+00,0.000000000000000000e+00,8.002285903038240281e-08
0.000000000000000000e+00,0.000000000000000000e+00,2.027893770921612715e-02
0.000000000000000000e+00,0.000000000000000000e+00,2.027075840134332581e-04
0.000000000000000000e+00,0.000000000000000000e+00,4.716787033791101843e-05
0.000000000000000000e+00,0.000000000000000000e+00,5.911467429434459457e-03
1.000000000000000000e+00,1.000000000000000000e+00,9.993600583282205019e-01
0.000000000000000000e+00,0.000000000000000000e+00,1.575539141251409156e-03
0.000000000000000000e+00,0.000000000000000000e+00,2.728908915305140650e-03
0.000000000000000000e+00,0.000000000000000000e+00,2.702368262395240736e-02
0.000000000000000000e+00,0.000000000000000000e+00,1.517466899563468267e-05
0.000000000000000000e+00,0.000000000000000000e+00,2.377522263034663030e-03
0.000000000000000000e+00,0.000000000000000000e+00,2.485053815760410179e-01
0.000000000000000000e+00,0.000000000000000000e+00,4.096821470415575853e-05
1.000000000000000000e+00,1.000000000000000000e+00,9.478806947961893048e-01
0.000000000000000000e+00,0.000000000000000000e+00,2.089553147403458867e-03
0.000000000000000000e+00,0.000000000000000000e+00,8.713861723446152119e-02
0.000000000000000000e+00,0.000000000000000000e+00,2.025190263200613849e-01
0.000000000000000000e+00,0.000000000000000000e+00,2.371543210591780767e-04
0.000000000000000000e+00,0.000000000000000000e+00,2.763622284380524940e-06
1.000000000000000000e+00,1.000000000000000000e+00,9.994191799257092779e-01
1.000000000000000000e+00,1.000000000000000000e+00,9.961189375609096341e-01
0.000000000000000000e+00,0.000000000000000000e+00,1.880731393886994960e-07
0.000000000000000000e+00,0.000000000000000000e+00,3.836922419594898659e-02
0.000000000000000000e+00,0.000000000000000000e+00,3.409011984013820011e-05
0.000000000000000000e+00,0.000000000000000000e+00,1.182605358025585129e-05
0.000000000000000000e+00,0.000000000000000000e+00,2.107226337134998108e-03
0.000000000000000000e+00,0.000000000000000000e+00,4.193046487777264512e-03
0.000000000000000000e+00,0.000000000000000000e+00,1.724387781747332201e-03
1.000000000000000000e+00,1.000000000000000000e+00,9.999936389602969156e-01
1.000000000000000000e+00,1.000000000000000000e+00,9.716770250555870625e-01
1.000000000000000000e+00,1.000000000000000000e+00,9.887403863579909968e-01
0.000000000000000000e+00,0.000000000000000000e+00,4.419352821558300115e-08
1.000000000000000000e+00,1.000000000000000000e+00,9.746444496282724579e-01
0.000000000000000000e+00,1.000000000000000000e+00,7.711431153101847569e-01
1.000000000000000000e+00,1.000000000000000000e+00,9.953415783683825513e-01
0.000000000000000000e+00,0.000000000000000000e+00,1.090171227278833335e-04
0.000000000000000000e+00,0.000000000000000000e+00,4.666877946076859046e-02
0.000000000000000000e+00,0.000000000000000000e+00,1.010092274793014899e-04
1.000000000000000000e+00,1.000000000000000000e+00,9.981536866207690872e-01
1.000000000000000000e+00,1.000000000000000000e+00,9.996333315044906298e-01
0.000000000000000000e+00,0.000000000000000000e+00,2.070739398984244991e-05
1.000000000000000000e+00,1.000000000000000000e+00,9.382865682870643598e-01
0.000000000000000000e+00,0.000000000000000000e+00,5.180279477966480693e-05
0.000000000000000000e+00,0.000000000000000000e+00,3.061716658161532569e-03
0.000000000000000000e+00,0.000000000000000000e+00,1.033233928403677875e-03
0.000000000000000000e+00,0.000000000000000000e+00,5.054209979210848303e-03
1.000000000000000000e+00,1.000000000000000000e+00,9.999725958612956100e-01
1.000000000000000000e+00,1.000000000000000000e+00,9.654463728021688285e-01
0.000000000000000000e+00,0.000000000000000000e+00,6.383982713410320253e-02
0.000000000000000000e+00,0.000000000000000000e+00,5.426748086353109894e-03
1.000000000000000000e+00,1.000000000000000000e+00,9.626601611305131145e-01
0.000000000000000000e+00,0.000000000000000000e+00,2.383873858311735559e-05
0.000000000000000000e+00,0.000000000000000000e+00,3.122064699354666650e-04
0.000000000000000000e+00,0.000000000000000000e+00,2.489814331791961530e-02
0.000000000000000000e+00,0.000000000000000000e+00,6.836679225770654622e-02
1.000000000000000000e+00,1.000000000000000000e+00,9.992539654094956258e-01
0.000000000000000000e+00,0.000000000000000000e+00,2.889839265702559405e-05
0.000000000000000000e+00,0.000000000000000000e+00,4.687428468164206441e-02
0.000000000000000000e+00,0.000000000000000000e+00,1.536939515930567162e-07
0.000000000000000000e+00,0.000000000000000000e+00,2.327813348086622217e-03
1.000000000000000000e+00,1.000000000000000000e+00,9.761009026266509458e-01
0.000000000000000000e+00,0.000000000000000000e+00,2.061657069347216931e-03
0.000000000000000000e+00,0.000000000000000000e+00,3.055946204775670612e-09
0.000000000000000000e+00,0.000000000000000000e+00,2.834747686957114745e-06
1.000000000000000000e+00,1.000000000000000000e+00,9.991544757927098841e-01
0.000000000000000000e+00,0.000000000000000000e+00,1.416989195942575629e-02
0.000000000000000000e+00,0.000000000000000000e+00,2.646152320646467104e-01
1.000000000000000000e+00,1.000000000000000000e+00,9.984152982381711006e-01
0.000000000000000000e+00,0.000000000000000000e+00,2.269600742850970410e-02
0.000000000000000000e+00,0.000000000000000000e+00,2.938874690265815166e-04
0.000000000000000000e+00,0.000000000000000000e+00,8.657964113174919721e-03
0.000000000000000000e+00,0.000000000000000000e+00,6.691337782017098377e-05
0.000000000000000000e+00,0.000000000000000000e+00,1.278487157355560552e-02
0.000000000000000000e+00,0.000000000000000000e+00,8.378000362619469898e-02
1.000000000000000000e+00,1.000000000000000000e+00,9.965037994941631228e-01
1.000000000000000000e+00,1.000000000000000000e+00,9.998980981134996116e-01
0.000000000000000000e+00,0.000000000000000000e+00,3.525172462876667470e-04
0.000000000000000000e+00,0.000000000000000000e+00,3.855300044723667893e-04
1.000000000000000000e+00,1.000000000000000000e+00,9.613651136728234015e-01
0.000000000000000000e+00,0.000000000000000000e+00,3.421209100807187603e-06
0.000000000000000000e+00,0.000000000000000000e+00,1.790774637719853740e-05
1.000000000000000000e+00,1.000000000000000000e+00,9.979588312799833050e-01
1.000000000000000000e+00,1.000000000000000000e+00,9.658611722995228410e-01
0.000000000000000000e+00,0.000000000000000000e+00,4.019797855096972805e-05
0.000000000000000000e+00,0.000000000000000000e+00,9.752051518163625801e-04
1.000000000000000000e+00,1.000000000000000000e+00,9.640930279028075978e-01
0.000000000000000000e+00,0.000000000000000000e+00,7.902271879076529877e-04
0.000000000000000000e+00,0.000000000000000000e+00,1.612812261682921316e-07
1.000000000000000000e+00,1.000000000000000000e+00,9.803180797580818284e-01
0.000000000000000000e+00,0.000000000000000000e+00,8.787488014820111267e-05
0.000000000000000000e+00,0.000000000000000000e+00,8.115379665755878200e-03
1.000000000000000000e+00,1.000000000000000000e+00,9.876178472152412624e-01
0.000000000000000000e+00,0.000000000000000000e+00,1.030215680434796522e-03
0.000000000000000000e+00,0.000000000000000000e+00,1.113260485051838569e-03
0.000000000000000000e+00,0.000000000000000000e+00,2.685220555974590791e-04
1.000000000000000000e+00,1.000000000000000000e+00,9.985463315140656881e-01
0.000000000000000000e+00,0.000000000000000000e+00,1.702032903446867029e-01
0.000000000000000000e+00,0.000000000000000000e+00,2.856530296725137696e-02
0.000000000000000000e+00,0.000000000000000000e+00,1.020358373401066276e-01
1.000000000000000000e+00,1.000000000000000000e+00,9.159757263603278687e-01
1.000000000000000000e+00,1.000000000000000000e+00,9.961369594470305122e-01
0.000000000000000000e+00,0.000000000000000000e+00,4.578667746739532862e-03
1.000000000000000000e+00,1.000000000000000000e+00,9.660492317179875110e-01
0.000000000000000000e+00,0.000000000000000000e+00,1.654695637700321069e-04
0.000000000000000000e+00,0.000000000000000000e+00,3.350371589162259640e-06
1.000000000000000000e+00,1.000000000000000000e+00,9.999850292193386281e-01
0.000000000000000000e+00,0.000000000000000000e+00,1.460204934542227717e-01
0.000000000000000000e+00,0.000000000000000000e+00,5.696327180062277923e-02
1.000000000000000000e+00,1.000000000000000000e+00,9.274006934224005017e-01
1.000000000000000000e+00,1.000000000000000000e+00,9.920052455822182536e-01
0.000000000000000000e+00,0.000000000000000000e+00,1.584118012142689226e-03
0.000000000000000000e+00,0.000000000000000000e+00,1.148052857749147333e-06
1.000000000000000000e+00,1.000000000000000000e+00,9.993483003377816587e-01
0.000000000000000000e+00,0.000000000000000000e+00,3.269803261083779888e-02
0.000000000000000000e+00,0.000000000000000000e+00,3.642230425812784111e-02
1.000000000000000000e+00,1.000000000000000000e+00,9.812741465665342222e-01
1.000000000000000000e+00,1.000000000000000000e+00,9.944765922991382068e-01
1.000000000000000000e+00,1.000000000000000000e+00,9.996643653265019358e-01
0.000000000000000000e+00,0.000000000000000000e+00,3.650346264573756626e-03
1.000000000000000000e+00,1.000000000000000000e+00,9.997867437081969788e-01
1.000000000000000000e+00,1.000000000000000000e+00,9.984708875609297207e-01
0.000000000000000000e+00,0.000000000000000000e+00,2.860852662060033585e-07
0.000000000000000000e+00,0.000000000000000000e+00,5.814811507226134383e-04
0.000000000000000000e+00,0.000000000000000000e+00,2.659830045816797064e-02
1.000000000000000000e+00,1.000000000000000000e+00,9.982460850775168870e-01
1.000000000000000000e+00,1.000000000000000000e+00,9.959072207699526391e-01
0.000000000000000000e+00,0.000000000000000000e+00,1.190900950984472885e-02
0.000000000000000000e+00,0.000000000000000000e+00,8.037240458699292518e-06
1.000000000000000000e+00,1.000000000000000000e+00,9.957808999365064251e-01
0.000000000000000000e+00,0.000000000000000000e+00,5.226128276075023109e-03
0.000000000000000000e+00,0.000000000000000000e+00,1.129244379426082951e-03
0.000000000000000000e+00,0.000000000000000000e+00,7.354665327315528661e-03
1.000000000000000000e+00,1.000000000000000000e+00,9.993024103659658985e-01
0.000000000000000000e+00,0.000000000000000000e+00,2.252101518094767126e-04
0.000000000000000000e+00,0.000000000000000000e+00,3.343392437431835806e-04
1.000000000000000000e+00,1.000000000000000000e+00,9.881483864775548742e-01
1.000000000000000000e+00,1.000000000000000000e+00,9.998236471963474203e-01
0.000000000000000000e+00,0.000000000000000000e+00,1.939922537486735848e-03
0.000000000000000000e+00,0.000000000000000000e+00,4.655358876129064003e-04
1.000000000000000000e+00,1.000000000000000000e+00,9.999997293251288166e-01
0.000000000000000000e+00,0.000000000000000000e+00,1.738284428587172142e-03
0.000000000000000000e+00,0.000000000000000000e+00,1.997150405288787220e-02
1.000000000000000000e+00,1.000000000000000000e+00,9.998221646595847334e-01
1.000000000000000000e+00,1.000000000000000000e+00,9.962218619195575275e-01
0.000000000000000000e+00,0.000000000000000000e+00,3.097173000685652169e-02
1.000000000000000000e+00,1.000000000000000000e+00,9.977946599385374427e-01
1.000000000000000000e+00,1.000000000000000000e+00,9.952429854823265920e-01
0.000000000000000000e+00,0.000000000000000000e+00,1.503212800482678513e-07
0.000000000000000000e+00,0.000000000000000000e+00,1.458189033689797785e-04
0.000000000000000000e+00,0.000000000000000000e+00,1.288922279678657862e-09
0.000000000000000000e+00,0.000000000000000000e+00,5.899594414425017714e-07
1.000000000000000000e+00,1.000000000000000000e+00,9.924756560168984665e-01
0.000000000000000000e+00,0.000000000000000000e+00,6.317892332546359364e-08
1.000000000000000000e+00,1.000000000000000000e+00,9.993020184314697074e-01
0.000000000000000000e+00,0.000000000000000000e+00,9.150973319095795974e-04
0.000000000000000000e+00,0.000000000000000000e+00,2.945499667738911482e-05
0.000000000000000000e+00,0.000000000000000000e+00,7.564908380299831553e-06
0.000000000000000000e+00,0.000000000000000000e+00,9.030420191986077150e-03
1.000000000000000000e+00,1.000000000000000000e+00,9.553352903001832708e-01
0.000000000000000000e+00,0.000000000000000000e+00,5.491370841857713243e-06
0.000000000000000000e+00,0.000000000000000000e+00,6.839001795321657251e-02
1.000000000000000000e+00,1.000000000000000000e+00,9.980262233789690685e-01
0.000000000000000000e+00,0.000000000000000000e+00,5.493119738775526975e-05
1.000000000000000000e+00,1.000000000000000000e+00,9.994779550270110891e-01
1.000000000000000000e+00,1.000000000000000000e+00,9.716700603987176166e-01
1.000000000000000000e+00,1.000000000000000000e+00,9.983612126465597481e-01
0.000000000000000000e+00,0.000000000000000000e+00,1.641043383922615451e-01
1.000000000000000000e+00,1.000000000000000000e+00,9.899511959884311763e-01
0.000000000000000000e+00,0.000000000000000000e+00,3.600327081830954293e-04
0.000000000000000000e+00,0.000000000000000000e+00,9.009649232826853066e-03
0.000000000000000000e+00,0.000000000000000000e+00,6.110174429157127357e-02
1.000000000000000000e+00,1.000000000000000000e+00,9.674918912882293220e-01
0.000000000000000000e+00,0.000000000000000000e+00,8.574048178629827070e-06
0.000000000000000000e+00,0.000000000000000000e+00,1.576106042210816463e-04
0.000000000000000000e+00,0.000000000000000000e+00,1.931151893673558858e-04
1.000000000000000000e+00,1.000000000000000000e+00,9.853099592427067011e-01
1.000000000000000000e+00,1.000000000000000000e+00,9.880909722586711519e-01
1.000000000000000000e+00,1.000000000000000000e+00,6.197568753234617978e-01
1.000000000000000000e+00,1.000000000000000000e+00,9.999940983886872470e-01
0.000000000000000000e+00,0.000000000000000000e+00,3.088837647755993815e-02
1.000000000000000000e+00,1.000000000000000000e+00,9.999012691257485042e-01
1.000000000000000000e+00,1.000000000000000000e+00,9.987263079415882316e-01
0.000000000000000000e+00,0.000000000000000000e+00,6.318426265663951158e-03
0.000000000000000000e+00,0.000000000000000000e+00,1.656458741341217955e-01
1.000000000000000000e+00,1.000000000000000000e+00,9.999064079840469521e-01
1.000000000000000000e+00,1.000000000000000000e+00,9.893946726829631055e-01
1.000000000000000000e+00,1.000000000000000000e+00,9.516479056155583427e-01
1.000000000000000000e+00,1.000000000000000000e+00,9.978235255252458913e-01
0.000000000000000000e+00,0.000000000000000000e+00,3.034164306554634327e-03
1.000000000000000000e+00,1.000000000000000000e+00,7.667460179000039622e-01
0.000000000000000000e+00,0.000000000000000000e+00,1.742504810981048979e-01
0.000000000000000000e+00,0.000000000000000000e+00,1.338041570191052937e-02
0.000000000000000000e+00,0.000000000000000000e+00,8.091158850755500107e-03
0.000000000000000000e+00,0.000000000000000000e+00,1.975696000523256002e-01
0.000000000000000000e+00,0.000000000000000000e+00,7.890978435865139001e-03
0.000000000000000000e+00,0.000000000000000000e+00,6.946021161036689982e-05
0.000000000000000000e+00,0.000000000000000000e+00,5.548463196245168153e-05
0.000000000000000000e+00,0.000000000000000000e+00,1.762476755353904008e-03
1.000000000000000000e+00,1.000000000000000000e+00,9.839682808723573260e-01
0.000000000000000000e+00,0.000000000000000000e+00,1.336240545564267856e-01
0.000000000000000000e+00,0.000000000000000000e+00,2.188922149686099716e-02
0.000000000000000000e+00,0.000000000000000000e+00,2.506879517454516353e-03
0.000000000000000000e+00,0.000000000000000000e+00,7.471692392083824352e-02
1.000000000000000000e+00,1.000000000000000000e+00,9.994108082537619397e-01
0.000000000000000000e+00,0.000000000000000000e+00,6.916888305734378078e-04
1.000000000000000000e+00,1.000000000000000000e+00,9.898874560978145887e-01
0.000000000000000000e+00,0.000000000000000000e+00,1.641235718862232851e-02
0.000000000000000000e+00,0.000000000000000000e+00,7.847868591241619930e-04
0.000000000000000000e+00,0.000000000000000000e+00,1.105787860743416701e-01
0.000000000000000000e+00,0.000000000000000000e+00,2.677767463174117528e-05
1.000000000000000000e+00,1.000000000000000000e+00,9.865091611946675831e-01
1.000000000000000000e+00,1.000000000000000000e+00,9.991040207725555566e-01
1.000000000000000000e+00,1.000000000000000000e+00,9.886804643926466740e-01
0.000000000000000000e+00,0.000000000000000000e+00,1.079318699723082030e-05
0.000000000000000000e+00,0.000000000000000000e+00,2.096944592572583775e-03
1.000000000000000000e+00,1.000000000000000000e+00,9.999996234120748229e-01
1.000000000000000000e+00,1.000000000000000000e+00,9.852774007509023102e-01
1.000000000000000000e+00,1.000000000000000000e+00,9.998661238480780478e-01
0.000000000000000000e+00,0.000000000000000000e+00,2.996341794589815408e-02
0.000000000000000000e+00,0.000000000000000000e+00,1.174877384850569681e-02
0.000000000000000000e+00,0.000000000000000000e+00,2.346910526983646619e-03
0.000000000000000000e+00,0.000000000000000000e+00,1.308030061813688175e-07
0.000000000000000000e+00,0.000000000000000000e+00,1.083145180789882311e-02
1.000000000000000000e+00,1.000000000000000000e+00,9.999726013446770256e-01
1.000000000000000000e+00,1.000000000000000000e+00,9.999967765650661367e-01
0.000000000000000000e+00,0.000000000000000000e+00,2.192226579506353218e-02
1.000000000000000000e+00,1.000000000000000000e+00,9.789964034651785774e-01
0.000000000000000000e+00,0.000000000000000000e+00,1.465407211869617584e-06
1.000000000000000000e+00,1.000000000000000000e+00,9.960686634809053919e-01
1.000000000000000000e+00,1.000000000000000000e+00,9.886848329061850293e-01
1.000000000000000000e+00,1.000000000000000000e+00,9.999997754648035642e-01
1.000000000000000000e+00,1.000000000000000000e+00,9.575282914252748467e-01
1.000000000000000000e+00,1.000000000000000000e+00,7.625052707936801344e-01
0.000000000000000000e+00,0.000000000000000000e+00,1.334534470994703549e-02
1.000000000000000000e+00,1.000000000000000000e+00,9.488382660333132268e-01
0.000000000000000000e+00,0.000000000000000000e+00,7.623529344261229315e-03
0.000000000000000000e+00,0.000000000000000000e+00,6.904092916286163392e-04
0.000000000000000000e+00,0.000000000000000000e+00,2.048533895816722905e-01
0.000000000000000000e+00,0.000000000000000000e+00,3.936718706163961474e-04
0.000000000000000000e+00,0.000000000000000000e+00,5.156016061652184010e-06
0.000000000000000000e+00,0.000000000000000000e+00,1.953666144107761213e-04
0.000000000000000000e+00,0.000000000000000000e+00,3.106866167758043362e-02
1.000000000000000000e+00,1.000000000000000000e+00,9.994634539081211910e-01
0.000000000000000000e+00,0.000000000000000000e+00,6.471438319941118505e-05
0.000000000000000000e+00,0.000000000000000000e+00,4.920448819784664640e-02
0.000000000000000000e+00,0.000000000000000000e+00,1.884739724074894601e-05
0.000000000000000000e+00,0.000000000000000000e+00,6.089031592663062193e-05
0.000000000000000000e+00,0.000000000000000000e+00,5.758472963698716687e-04
0.000000000000000000e+00,0.000000000000000000e+00,1.778696358385355517e-02
0.000000000000000000e+00,0.000000000000000000e+00,1.871105475405315452e-02
0.000000000000000000e+00,0.000000000000000000e+00,2.122983061587633766e-02
1.000000000000000000e+00,1.000000000000000000e+00,5.115969392897340429e-01
0.000000000000000000e+00,0.000000000000000000e+00,6.266885700226010325e-02
1.000000000000000000e+00,1.000000000000000000e+00,9.999824160706123344e-01
1.000000000000000000e+00,1.000000000000000000e+00,9.999532257765753052e-01
1.000000000000000000e+00,1.000000000000000000e+00,9.992544245509754619e-01
0.000000000000000000e+00,0.000000000000000000e+00,1.793964687433763231e-03
1.000000000000000000e+00,1.000000000000000000e+00,9.819932869372066664e-01
0.000000000000000000e+00,0.000000000000000000e+00,7.053891027628830064e-05
0.000000000000000000e+00,0.000000000000000000e+00,1.301979235537545007e-02
0.000000000000000000e+00,0.000000000000000000e+00,3.513292426544473157e-02
1.000000000000000000e+00,1.000000000000000000e+00,9.998799299961773634e-01
1.000000000000000000e+00,1.000000000000000000e+00,9.997230429915323624e-01
0.000000000000000000e+00,0.000000000000000000e+00,7.845187776527576582e-06
0.000000000000000000e+00,1.000000000000000000e+00,5.998814010065134372e-01
1.000000000000000000e+00,1.000000000000000000e+00,9.999997765545107775e-01
0.000000000000000000e+00,0.000000000000000000e+00,1.939551214506546675e-02
0.000000000000000000e+00,0.000000000000000000e+00,1.761366975473108154e-05
0.000000000000000000e+00,0.000000000000000000e+00,5.162199085531414923e-09
1.000000000000000000e+00,1.000000000000000000e+00,9.999991155874136117e-01
0.000000000000000000e+00,0.000000000000000000e+00,1.622057440957182262e-06
0.000000000000000000e+00,0.000000000000000000e+00,1.520601920872453709e-03
1.000000000000000000e+00,1.000000000000000000e+00,8.712047934300187757e-01
0.000000000000000000e+00,0.000000000000000000e+00,4.971506648734780841e-03
0.000000000000000000e+00,0.000000000000000000e+00,2.504224129798453442e-04
1.000000000000000000e+00,1.000000000000000000e+00,9.999692560907618155e-01
0.000000000000000000e+00,0.000000000000000000e+00,1.290867854473914111e-01
1.000000000000000000e+00,1.000000000000000000e+00,9.992061257379908357e-01
0.000000000000000000e+00,0.000000000000000000e+00,2.537242251983867682e-03
1.000000000000000000e+00,0.000000000000000000e+00,4.128948428337253507e-01
1.000000000000000000e+00,1.000000000000000000e+00,9.995685381738445008e-01
0.000000000000000000e+00,0.000000000000000000e+00,3.635991834411509679e-05
1.000000000000000000e+00,1.000000000000000000e+00,9.999987600065237681e-01
0.000000000000000000e+00,0.000000000000000000e+00,9.937926864042280137e-03
0.000000000000000000e+00,0.000000000000000000e+00,2.303232021510000311e-05
0.000000000000000000e+00,0.000000000000000000e+00,6.359949574027044412e-06
0.000000000000000000e+00,0.000000000000000000e+00,1.046275640964633852e-01
1.000000000000000000e+00,1.000000000000000000e+00,9.914806069806154643e-01
1.000000000000000000e+00,1.000000000000000000e+00,9.982756591348944664e-01
0.000000000000000000e+00,0.000000000000000000e+00,9.518459722771846444e-04
1.000000000000000000e+00,1.000000000000000000e+00,9.931938722419534349e-01
1.000000000000000000e+00,1.000000000000000000e+00,9.997797573114678427e-01
0.000000000000000000e+00,0.000000000000000000e+00,1.130672887461173145e-05
0.000000000000000000e+00,0.000000000000000000e+00,2.699952035898893488e-02
0.000000000000000000e+00,0.000000000000000000e+00,1.085304306199215696e-01
0.000000000000000000e+00,0.000000000000000000e+00,8.657964113174919721e-03
1.000000000000000000e+00,1.000000000000000000e+00,9.995382580482174983e-01
1.000000000000000000e+00,1.000000000000000000e+00,9.999999779757799967e-01
1.000000000000000000e+00,1.000000000000000000e+00,6.549627662678122464e-01
1.000000000000000000e+00,1.000000000000000000e+00,9.595667788135381349e-01
0.000000000000000000e+00,0.000000000000000000e+00,5.995491605840892746e-02
0.000000000000000000e+00,0.000000000000000000e+00,1.528540689347851369e-04
0.000000000000000000e+00,0.000000000000000000e+00,7.456393279704565732e-05
0.000000000000000000e+00,0.000000000000000000e+00,2.802720893298622263e-07
1.000000000000000000e+00,1.000000000000000000e+00,6.889040297974186045e-01
0.000000000000000000e+00,0.000000000000000000e+00,1.833939388356817604e-04
0.000000000000000000e+00,0.000000000000000000e+00,3.365426292871557598e-06
0.000000000000000000e+00,0.000000000000000000e+00,6.215985269258696979e-04
0.000000000000000000e+00,0.000000000000000000e+00,1.242092517896162263e-01
1.000000000000000000e+00,1.000000000000000000e+00,9.992857326891738667e-01
0.000000000000000000e+00,0.000000000000000000e+00,6.927216304140536296e-02
1.000000000000000000e+00,1.000000000000000000e+00,9.999993192345126847e-01
1.000000000000000000e+00,1.000000000000000000e+00,9.660029918815582484e-01
0.000000000000000000e+00,0.000000000000000000e+00,6.510021865265718834e-05
0.000000000000000000e+00,0.000000000000000000e+00,1.187440178492754162e-04
0.000000000000000000e+00,0.000000000000000000e+00,1.343428625981690958e-06
1.000000000000000000e+00,1.000000000000000000e+00,9.332403186831688124e-01
0.000000000000000000e+00,0.000000000000000000e+00,1.321480445309827431e-02
0.000000000000000000e+00,0.000000000000000000e+00,4.678650931342693409e-07
1.000000000000000000e+00,1.000000000000000000e+00,9.999056384202075209e-01
0.000000000000000000e+00,0.000000000000000000e+00,1.717288062108750842e-04
1.000000000000000000e+00,1.000000000000000000e+00,9.936024946047788964e-01
1.000000000000000000e+00,1.000000000000000000e+00,9.987030738741996538e-01
0.000000000000000000e+00,0.000000000000000000e+00,3.202236658277464888e-03
1.000000000000000000e+00,1.000000000000000000e+00,9.182337861484841657e-01
0.000000000000000000e+00,0.000000000000000000e+00,4.218219457331650463e-03
1.000000000000000000e+00,1.000000000000000000e+00,9.998962335147145719e-01
0.000000000000000000e+00,0.000000000000000000e+00,8.539656482295446271e-03
1.000000000000000000e+00,1.000000000000000000e+00,8.070732214422455808e-01
0.000000000000000000e+00,0.000000000000000000e+00,3.774695355095369693e-07
0.000000000000000000e+00,0.000000000000000000e+00,2.493292808564464007e-04
1.000000000000000000e+00,1.000000000000000000e+00,6.562700214398029530e-01
0.000000000000000000e+00,0.000000000000000000e+00,2.442714415775785672e-02
0.000000000000000000e+00,0.000000000000000000e+00,3.561898054188533415e-07
0.000000000000000000e+00,0.000000000000000000e+00,3.923946126977485016e-01
1.000000000000000000e+00,1.000000000000000000e+00,9.999209743576210618e-01
0.000000000000000000e+00,0.000000000000000000e+00,5.086677329231258093e-02
0.000000000000000000e+00,0.000000000000000000e+00,2.140935751450481761e-02
1.000000000000000000e+00,1.000000000000000000e+00,9.981936355627596402e-01
1.000000000000000000e+00,1.000000000000000000e+00,9.329090968455909794e-01
0.000000000000000000e+00,0.000000000000000000e+00,2.911910041405357851e-04
0.000000000000000000e+00,0.000000000000000000e+00,1.480307430546602340e-02
0.000000000000000000e+00,0.000000000000000000e+00,5.026980124992831700e-02
1.000000000000000000e+00,1.000000000000000000e+00,9.999980988342327404e-01
1.000000000000000000e+00,1.000000000000000000e+00,8.729716487227016097e-01
1.000000000000000000e+00,1.000000000000000000e+00,9.433102106496495942e-01
0.000000000000000000e+00,0.000000000000000000e+00,8.817339618091097828e-03
0.000000000000000000e+00,0.000000000000000000e+00,2.635451271826558576e-04
0.000000000000000000e+00,0.000000000000000000e+00,3.989637549874436306e-02
0.000000000000000000e+00,0.000000000000000000e+00,3.926601184647139642e-03
1.000000000000000000e+00,1.000000000000000000e+00,9.999966522203918018e-01
0.000000000000000000e+00,0.000000000000000000e+00,2.468907617281380065e-08
1.000000000000000000e+00,1.000000000000000000e+00,9.871144373440234876e-01
0.000000000000000000e+00,0.000000000000000000e+00,2.175685222659206729e-03
0.000000000000000000e+00,0.000000000000000000e+00,2.756078528909389608e-06
1.000000000000000000e+00,1.000000000000000000e+00,9.999999813932917148e-01
0.000000000000000000e+00,0.000000000000000000e+00,2.849264169607083549e-02
0.000000000000000000e+00,0.000000000000000000e+00,1.188713801556079216e-05
0.000000000000000000e+00,0.000000000000000000e+00,1.814007455571409883e-02
0.000000000000000000e+00,0.000000000000000000e+00,1.730673443818110202e-04
1.000000000000000000e+00,1.000000000000000000e+00,9.995647242201363136e-01
1.000000000000000000e+00,1.000000000000000000e+00,9.999998014044689798e-01
0.000000000000000000e+00,0.000000000000000000e+00,1.538711749777762995e-03
0.000000000000000000e+00,0.000000000000000000e+00,4.884505399692984145e-04
0.000000000000000000e+00,0.000000000000000000e+00,2.089869467191879208e-03
0.000000000000000000e+00,0.000000000000000000e+00,3.809032475027853787e-05
0.000000000000000000e+00,0.000000000000000000e+00,7.077688573198822122e-03
1.000000000000000000e+00,1.000000000000000000e+00,9.967401526932444522e-01
0.000000000000000000e+00,0.000000000000000000e+00,4.440671443963715298e-02
0.000000000000000000e+00,0.000000000000000000e+00,2.199239762261848835e-02
0.000000000000000000e+00,0.000000000000000000e+00,1.230832427866098338e-10
0.000000000000000000e+00,0.000000000000000000e+00,1.475331084632496839e-03
1.000000000000000000e+00,1.000000000000000000e+00,9.999399111421585218e-01
0.000000000000000000e+00,0.000000000000000000e+00,8.856524211918531339e-05
1.000000000000000000e+00,1.000000000000000000e+00,9.931141199693912514e-01
1.000000000000000000e+00,1.000000000000000000e+00,9.999305302581710242e-01
1.000000000000000000e+00,1.000000000000000000e+00,9.991957064659814369e-01
1.000000000000000000e+00,1.000000000000000000e+00,9.959498860147277810e-01
0.000000000000000000e+00,0.000000000000000000e+00,4.855037214904605729e-05
0.000000000000000000e+00,0.000000000000000000e+00,7.990101704617507891e-03
1.000000000000000000e+00,1.000000000000000000e+00,9.999942649731362598e-01
1.000000000000000000e+00,1.000000000000000000e+00,9.984899860449343301e-01
0.000000000000000000e+00,0.000000000000000000e+00,1.081824807659580601e-03
1.000000000000000000e+00,1.000000000000000000e+00,6.644830615019985398e-01
0.000000000000000000e+00,0.000000000000000000e+00,7.467261184127353332e-03
1.000000000000000000e+00,1.000000000000000000e+00,9.999963736237528211e-01
0.000000000000000000e+00,0.000000000000000000e+00,5.490498144485558146e-02
0.000000000000000000e+00,0.000000000000000000e+00,1.414044308214188438e-02
0.000000000000000000e+00,0.000000000000000000e+00,2.203348150145275353e-01
0.000000000000000000e+00,0.000000000000000000e+00,2.766117373196407686e-02
0.000000000000000000e+00,0.000000000000000000e+00,4.233897353829971233e-02
1.000000000000000000e+00,1.000000000000000000e+00,9.614347997632136655e-01
0.000000000000000000e+00,0.000000000000000000e+00,1.235502302897821384e-04
0.000000000000000000e+00,0.000000000000000000e+00,9.898155824403002088e-04
1.000000000000000000e+00,1.000000000000000000e+00,9.998184125090736618e-01
0.000000000000000000e+00,0.000000000000000000e+00,2.807480037408790347e-02
0.000000000000000000e+00,0.000000000000000000e+00,4.431162958632985094e-02
1.000000000000000000e+00,1.000000000000000000e+00,9.822131532462883285e-01
0.000000000000000000e+00,0.000000000000000000e+00,5.693567258338558951e-03
0.000000000000000000e+00,0.000000000000000000e+00,8.070557249661400312e-02
0.000000000000000000e+00,0.000000000000000000e+00,1.576579602025643899e-04
0.000000000000000000e+00,0.000000000000000000e+00,9.203881202863986371e-04
1.000000000000000000e+00,1.000000000000000000e+00,9.819965825796752590e-01
1.000000000000000000e+00,1.000000000000000000e+00,9.996399170792060751e-01
1.000000000000000000e+00,1.000000000000000000e+00,9.933130150173286044e-01
1.000000000000000000e+00,1.000000000000000000e+00,9.999211957606963797e-01
1.000000000000000000e+00,1.000000000000000000e+00,5.937851851582762741e-01
0.000000000000000000e+00,0.000000000000000000e+00,3.908815060218564369e-02
1.000000000000000000e+00,1.000000000000000000e+00,9.199813961234727389e-01
1.000000000000000000e+00,1.000000000000000000e+00,9.998741344470803982e-01
0.000000000000000000e+00,0.000000000000000000e+00,3.801585274461359576e-02
0.000000000000000000e+00,0.000000000000000000e+00,2.414739087198454481e-02
1.000000000000000000e+00,1.000000000000000000e+00,9.996228472356225581e-01
0.000000000000000000e+00,0.000000000000000000e+00,7.393947252915764609e-05
0.000000000000000000e+00,0.000000000000000000e+00,3.668340499246838260e-07
1.000000000000000000e+00,1.000000000000000000e+00,9.938274143778317304e-01
0.000000000000000000e+00,0.000000000000000000e+00,7.925771097870319346e-03
0.000000000000000000e+00,0.000000000000000000e+00,9.598365570523710935e-03
1.000000000000000000e+00,1.000000000000000000e+00,9.967961542963915678e-01
0.000000000000000000e+00,0.000000000000000000e+00,6.262127184956657600e-02
1.000000000000000000e+00,1.000000000000000000e+00,9.999883949949132100e-01
0.000000000000000000e+00,0.000000000000000000e+00,4.607346575180939346e-03
0.000000000000000000e+00,0.000000000000000000e+00,1.073572749934867962e-03
0.000000000000000000e+00,0.000000000000000000e+00,2.701900756795102320e-05
1.000000000000000000e+00,1.000000000000000000e+00,9.335719717655837080e-01
0.000000000000000000e+00,0.000000000000000000e+00,9.286200844211234151e-06
0.000000000000000000e+00,0.000000000000000000e+00,1.271770175703516859e-02
0.000000000000000000e+00,0.000000000000000000e+00,5.412221115740369304e-10
1.000000000000000000e+00,1.000000000000000000e+00,9.999972256882853072e-01
0.000000000000000000e+00,0.000000000000000000e+00,6.861061005988888101e-03
0.000000000000000000e+00,0.000000000000000000e+00,1.089357085205837350e-01
1.000000000000000000e+00,1.000000000000000000e+00,5.304351996434426564e-01
0.000000000000000000e+00,0.000000000000000000e+00,1.402153501691987166e-04
0.000000000000000000e+00,0.000000000000000000e+00,1.010737555014990796e-01
1.000000000000000000e+00,1.000000000000000000e+00,9.987089572856842068e-01
0.000000000000000000e+00,0.000000000000000000e+00,1.559047542958089767e-03
0.000000000000000000e+00,0.000000000000000000e+00,3.032607113001373005e-04
1.000000000000000000e+00,1.000000000000000000e+00,9.727004809513867256e-01
1.000000000000000000e+00,1.000000000000000000e+00,9.699992331600550965e-01
1.000000000000000000e+00,1.000000000000000000e+00,9.999897677602058721e-01
0.000000000000000000e+00,0.000000000000000000e+00,4.849746971995406303e-03
0.000000000000000000e+00,0.000000000000000000e+00,1.382228450843812906e-01
0.000000000000000000e+00,0.000000000000000000e+00,1.874616214461307870e-02
1.000000000000000000e+00,1.000000000000000000e+00,9.986980580970756805e-01
1.000000000000000000e+00,1.000000000000000000e+00,9.974247781588093664e-01
0.000000000000000000e+00,0.000000000000000000e+00,4.697759196735831061e-02
1.000000000000000000e+00,1.000000000000000000e+00,9.792897004208839240e-01
0.000000000000000000e+00,0.000000000000000000e+00,4.447539805815703800e-08
0.000000000000000000e+00,0.000000000000000000e+00,3.461272867625501126e-01
0.000000000000000000e+00,0.000000000000000000e+00,9.712017793947647516e-04
1.000000000000000000e+00,1.000000000000000000e+00,9.776998013201751991e-01
0.000000000000000000e+00,0.000000000000000000e+00,2.276499260658428487e-08
1.000000000000000000e+00,1.000000000000000000e+00,9.662785131103241998e-01
0.000000000000000000e+00,0.000000000000000000e+00,2.091278418102453934e-03
0.000000000000000000e+00,0.000000000000000000e+00,1.190514934374753888e-06
0.000000000000000000e+00,0.000000000000000000e+00,3.496532056894689593e-03
0.000000000000000000e+00,0.000000000000000000e+00,1.507767270224680603e-04
0.000000000000000000e+00,0.000000000000000000e+00,6.725989182061537574e-08
0.000000000000000000e+00,0.000000000000000000e+00,5.941112538217732488e-06
1.000000000000000000e+00,0.000000000000000000e+00,3.077430461312723464e-01
1.000000000000000000e+00,1.000000000000000000e+00,9.973754551657664225e-01
0.000000000000000000e+00,0.000000000000000000e+00,2.359931354410991339e-04
0.000000000000000000e+00,0.000000000000000000e+00,1.677200610594757266e-02
1.000000000000000000e+00,1.000000000000000000e+00,9.913502800688265282e-01
0.000000000000000000e+00,0.000000000000000000e+00,1.203605667626126037e-02
1.000000000000000000e+00,1.000000000000000000e+00,9.999869069532271171e-01
1.000000000000000000e+00,1.000000000000000000e+00,9.897116540277602903e-01
0.000000000000000000e+00,0.000000000000000000e+00,1.064425691968939937e-07
1.000000000000000000e+00,1.000000000000000000e+00,9.020788257067342553e-01
0.000000000000000000e+00,0.000000000000000000e+00,1.997265701586698958e-02
1.000000000000000000e+00,1.000000000000000000e+00,9.854044151177245858e-01
0.000000000000000000e+00,0.000000000000000000e+00,8.194193864078808945e-04
1.000000000000000000e+00,1.000000000000000000e+00,9.779825693985049195e-01
1.000000000000000000e+00,1.000000000000000000e+00,8.771864776653204299e-01
0.000000000000000000e+00,0.000000000000000000e+00,5.496781142236333234e-04
0.000000000000000000e+00,0.000000000000000000e+00,9.475351005340606342e-03
0.000000000000000000e+00,0.000000000000000000e+00,2.662283393782442775e-02
0.000000000000000000e+00,0.000000000000000000e+00,1.281528343178730373e-04
0.000000000000000000e+00,0.000000000000000000e+00,2.210394763746039305e-05
0.000000000000000000e+00,0.000000000000000000e+00,1.067726494354928751e-01
1.000000000000000000e+00,1.000000000000000000e+00,9.314052385011781787e-01
0.000000000000000000e+00,0.000000000000000000e+00,1.031488409061711263e-03
0.000000000000000000e+00,0.000000000000000000e+00,2.230418121435360320e-07
0.000000000000000000e+00,0.000000000000000000e+00,8.106299929685583912e-04
1.000000000000000000e+00,1.000000000000000000e+00,9.847407580091116497e-01
1.000000000000000000e+00,1.000000000000000000e+00,9.444673033036068421e-01
1.000000000000000000e+00,1.000000000000000000e+00,9.996465034441058828e-01
1.000000000000000000e+00,1.000000000000000000e+00,9.002226708339932104e-01
0.000000000000000000e+00,0.000000000000000000e+00,8.784319010089801458e-05
0.000000000000000000e+00,0.000000000000000000e+00,2.260707187614643260e-02
1.000000000000000000e+00,1.000000000000000000e+00,9.811047055056540955e-01
1.000000000000000000e+00,1.000000000000000000e+00,9.984233021503943206e-01
1.000000000000000000e+00,1.000000000000000000e+00,9.999750890119095681e-01
0.000000000000000000e+00,0.000000000000000000e+00,1.577061958637731415e-04
0.000000000000000000e+00,0.000000000000000000e+00,6.199356596417823382e-05
1.000000000000000000e+00,1.000000000000000000e+00,9.997861361692905735e-01
0.000000000000000000e+00,0.000000000000000000e+00,9.079801289310535789e-03
0.000000000000000000e+00,0.000000000000000000e+00,3.151912270662975742e-03
0.000000000000000000e+00,0.000000000000000000e+00,4.223890105981826425e-08
0.000000000000000000e+00,0.000000000000000000e+00,3.221554045003053972e-04
0.000000000000000000e+00,0.000000000000000000e+00,4.938177381542298015e-09
1.000000000000000000e+00,1.000000000000000000e+00,9.994102899392252048e-01
0.000000000000000000e+00,0.000000000000000000e+00,9.593968286925789145e-04
0.000000000000000000e+00,0.000000000000000000e+00,4.771354721052254691e-04
1.000000000000000000e+00,1.000000000000000000e+00,9.989673253485314985e-01
0.000000000000000000e+00,0.000000000000000000e+00,3.973786130885025025e-03
0.000000000000000000e+00,0.000000000000000000e+00,2.963584645875115035e-09
0.000000000000000000e+00,0.000000000000000000e+00,3.034048330380105385e-05
1.000000000000000000e+00,1.000000000000000000e+00,9.443131625401379736e-01
0.000000000000000000e+00,0.000000000000000000e+00,1.979911449586266997e-02
0.000000000000000000e+00,0.000000000000000000e+00,4.219945586960978205e-03
0.000000000000000000e+00,0.000000000000000000e+00,1.620078947749625608e-05
1.000000000000000000e+00,1.000000000000000000e+00,9.173038561630133536e-01
0.000000000000000000e+00,0.000000000000000000e+00,4.279329071176808923e-05
1.000000000000000000e+00,1.000000000000000000e+00,9.999871971442629848e-01
0.000000000000000000e+00,0.000000000000000000e+00,4.281918408254782420e-03
1.000000000000000000e+00,1.000000000000000000e+00,9.999911511400229047e-01
1.000000000000000000e+00,1.000000000000000000e+00,9.780531490200610190e-01
0.000000000000000000e+00,0.000000000000000000e+00,1.721013983288321178e-03
0.000000000000000000e+00,0.000000000000000000e+00,1.391129639902457388e-02
1.000000000000000000e+00,1.000000000000000000e+00,9.999951150552882639e-01
0.000000000000000000e+00,0.000000000000000000e+00,3.022202614968733658e-01
1.000000000000000000e+00,1.000000000000000000e+00,9.963939661816944016e-01
0.000000000000000000e+00,0.000000000000000000e+00,7.315510766598113009e-03
0.000000000000000000e+00,0.000000000000000000e+00,2.319662617332508489e-02
0.000000000000000000e+00,0.000000000000000000e+00,7.163907049352387497e-06
0.000000000000000000e+00,0.000000000000000000e+00,5.491370841857713243e-06
0.000000000000000000e+00,0.000000000000000000e+00,1.830362010483276235e-08
1.000000000000000000e+00,0.000000000000000000e+00,3.167140692298312521e-01
1.000000000000000000e+00,1.000000000000000000e+00,9.408707492452786925e-01
0.000000000000000000e+00,0.000000000000000000e+00,1.466452977214708934e-07
0.000000000000000000e+00,0.000000000000000000e+00,9.689218525416518329e-04
1.000000000000000000e+00,1.000000000000000000e+00,9.422636629814181708e-01
0.000000000000000000e+00,0.000000000000000000e+00,4.637408713854724307e-01
1.000000000000000000e+00,1.000000000000000000e+00,9.946199354169239504e-01
1.000000000000000000e+00,1.000000000000000000e+00,9.265405829385929826e-01
1.000000000000000000e+00,1.000000000000000000e+00,9.122385017722317579e-01
1.000000000000000000e+00,1.000000000000000000e+00,9.994163369544277753e-01
0.000000000000000000e+00,0.000000000000000000e+00,2.714420844796090748e-02
0.000000000000000000e+00,0.000000000000000000e+00,3.055968493604258734e-02
0.000000000000000000e+00,0.000000000000000000e+00,1.026707340784629912e-06
0.000000000000000000e+00,0.000000000000000000e+00,9.869205220180567281e-05
0.000000000000000000e+00,0.000000000000000000e+00,4.998322750965124572e-01
1.000000000000000000e+00,1.000000000000000000e+00,9.961991024421843477e-01
0.000000000000000000e+00,0.000000000000000000e+00,3.503598051668919652e-05
1.000000000000000000e+00,1.000000000000000000e+00,9.997941429415222458e-01
0.000000000000000000e+00,0.000000000000000000e+00,1.365395549385142737e-02
0.000000000000000000e+00,0.000000000000000000e+00,2.352353624952705424e-06
0.000000000000000000e+00,0.000000000000000000e+00,2.090708674507588970e-05
0.000000000000000000e+00,0.000000000000000000e+00,5.389537030948971511e-05
0.000000000000000000e+00,0.000000000000000000e+00,6.299200771897915663e-02
0.000000000000000000e+00,0.000000000000000000e+00,7.229689509550504302e-04
0.000000000000000000e+00,0.000000000000000000e+00,1.942452160726889920e-01
1.000000000000000000e+00,1.000000000000000000e+00,9.982626486185977033e-01
1.000000000000000000e+00,1.000000000000000000e+00,9.388266541317931146e-01
0.000000000000000000e+00,0.000000000000000000e+00,5.572373056635371996e-02
0.000000000000000000e+00,0.000000000000000000e+00,6.774255931014277251e-04
0.000000000000000000e+00,0.000000000000000000e+00,1.143169774187235803e-02
1.000000000000000000e+00,1.000000000000000000e+00,9.782086669971039594e-01
0.000000000000000000e+00,0.000000000000000000e+00,4.620089350532796679e-02
0.000000000000000000e+00,0.000000000000000000e+00,1.050265434157057927e-02
1.000000000000000000e+00,1.000000000000000000e+00,9.858916834713418176e-01
0.000000000000000000e+00,0.000000000000000000e+00,1.817660640194271662e-02
1.000000000000000000e+00,1.000000000000000000e+00,9.965837071617924536e-01
0.000000000000000000e+00,0.000000000000000000e+00,8.741021912466350385e-04
1.000000000000000000e+00,1.000000000000000000e+00,9.993987928295070544e-01
0.000000000000000000e+00,0.000000000000000000e+00,4.156920241257140578e-06
0.000000000000000000e+00,0.000000000000000000e+00,6.411277078199136436e-08
0.000000000000000000e+00,0.000000000000000000e+00,1.620257081548733338e-02
0.000000000000000000e+00,0.000000000000000000e+00,2.043229962082490289e-02
0.000000000000000000e+00,0.000000000000000000e+00,4.203073224222773907e-03
1.000000000000000000e+00,1.000000000000000000e+00,9.863831036040719979e-01
0.000000000000000000e+00,0.000000000000000000e+00,8.957568654983520039e-06
1.000000000000000000e+00,1.000000000000000000e+00,9.999948572639792976e-01
0.000000000000000000e+00,0.000000000000000000e+00,9.383615031167616546e-04
1.000000000000000000e+00,1.000000000000000000e+00,8.399027108388358309e-01
1.000000000000000000e+00,1.000000000000000000e+00,9.422081096376198062e-01
0.000000000000000000e+00,0.000000000000000000e+00,8.970793308663476198e-03
0.000000000000000000e+00,0.000000000000000000e+00,2.016424365066591274e-03
0.000000000000000000e+00,0.000000000000000000e+00,3.084621232972838703e-05
1.000000000000000000e+00,1.000000000000000000e+00,9.848634174789414608e-01
0.000000000000000000e+00,0.000000000000000000e+00,8.616655399941029921e-05
1.000000000000000000e+00,1.000000000000000000e+00,9.996170836285049877e-01
0.000000000000000000e+00,0.000000000000000000e+00,7.144802513579352234e-03
1.000000000000000000e+00,1.000000000000000000e+00,9.960659563840115194e-01
1.000000000000000000e+00,1.000000000000000000e+00,9.655607084110855443e-01
0.000000000000000000e+00,0.000000000000000000e+00,2.135804815785680071e-07
0.000000000000000000e+00,0.000000000000000000e+00,2.231435601921783266e-02
1.000000000000000000e+00,1.000000000000000000e+00,9.991006483985851450e-01
0.000000000000000000e+00,0.000000000000000000e+00,8.395879823807586573e-03
1.000000000000000000e+00,1.000000000000000000e+00,9.944294030563264331e-01
1.000000000000000000e+00,1.000000000000000000e+00,6.775332671221457881e-01
0.000000000000000000e+00,0.000000000000000000e+00,1.474836824708689184e-04
1.000000000000000000e+00,1.000000000000000000e+00,9.999285143998145609e-01
0.000000000000000000e+00,0.000000000000000000e+00,1.891161068565278686e-02
1.000000000000000000e+00,1.000000000000000000e+00,9.999946531129708660e-01
1.000000000000000000e+00,1.000000000000000000e+00,9.659569706048586335e-01
0.000000000000000000e+00,0.000000000000000000e+00,6.188209005902672866e-02
1.000000000000000000e+00,1.000000000000000000e+00,9.798265875098196576e-01
1.000000000000000000e+00,1.000000000000000000e+00,9.977815030635701632e-01
0.000000000000000000e+00,0.000000000000000000e+00,2.968453335882440536e-01
0.000000000000000000e+00,0.000000000000000000e+00,1.048800032280136803e-02
1.000000000000000000e+00,1.000000000000000000e+00,8.815653265730335475e-01
0.000000000000000000e+00,0.000000000000000000e+00,1.294169022029887858e-04
0.000000000000000000e+00,0.000000000000000000e+00,1.122699436414084096e-05
1.000000000000000000e+00,1.000000000000000000e+00,9.699992331600550965e-01
1.000000000000000000e+00,1.000000000000000000e+00,9.722798555310558921e-01
1.000000000000000000e+00,1.000000000000000000e+00,9.450153130012387548e-01
1.000000000000000000e+00,1.000000000000000000e+00,9.999853385629238200e-01
0.000000000000000000e+00,0.000000000000000000e+00,2.157179616192229140e-03
0.000000000000000000e+00,0.000000000000000000e+00,1.586155277945290598e-01
0.000000000000000000e+00,0.000000000000000000e+00,1.483180675275291571e-01
0.000000000000000000e+00,0.000000000000000000e+00,2.283927595204610257e-03
0.000000000000000000e+00,0.000000000000000000e+00,4.383196732728775885e-02
1.000000000000000000e+00,1.000000000000000000e+00,9.962886021646045753e-01
1.000000000000000000e+00,1.000000000000000000e+00,9.809456550962798449e-01
0.000000000000000000e+00,0.000000000000000000e+00,2.319409269454637563e-03
0.000000000000000000e+00,0.000000000000000000e+00,1.344951193405735310e-02
1.000000000000000000e+00,1.000000000000000000e+00,9.985235371221745648e-01
1.000000000000000000e+00,1.000000000000000000e+00,9.750594156097905918e-01
0.000000000000000000e+00,0.000000000000000000e+00,2.080923351887126681e-04
0.000000000000000000e+00,0.000000000000000000e+00,2.337036369975585559e-02
0.000000000000000000e+00,0.000000000000000000e+00,1.106655405059262561e-04
0.000000000000000000e+00,0.000000000000000000e+00,1.033218919870846041e-06
1.000000000000000000e+00,1.000000000000000000e+00,8.127417445044179400e-01
0.000000000000000000e+00,0.000000000000000000e+00,2.389705512063523704e-09
0.000000000000000000e+00,0.000000000000000000e+00,1.379425729004554561e-02
0.000000000000000000e+00,0.000000000000000000e+00,6.325044333986374299e-03
0.000000000000000000e+00,0.000000000000000000e+00,2.148565519685906137e-03
0.000000000000000000e+00,0.000000000000000000e+00,2.203651563776436986e-05
0.000000000000000000e+00,0.000000000000000000e+00,3.584030152258982371e-05
0.000000000000000000e+00,1.000000000000000000e+00,6.917130886589993866e-01
0.000000000000000000e+00,0.000000000000000000e+00,4.172039895962789961e-04
1.000000000000000000e+00,1.000000000000000000e+00,9.774596063998385320e-01
0.000000000000000000e+00,0.000000000000000000e+00,9.242880453670275498e-02
0.000000000000000000e+00,0.000000000000000000e+00,1.335235145448152860e-01
1.000000000000000000e+00,1.000000000000000000e+00,9.999998802196589098e-01
1.000000000000000000e+00,1.000000000000000000e+00,9.279867017218503822e-01
0.000000000000000000e+00,0.000000000000000000e+00,3.517963391709320875e-02
1.000000000000000000e+00,1.000000000000000000e+00,9.960976252519594398e-01
0.000000000000000000e+00,0.000000000000000000e+00,1.844699833649488321e-02
0.000000000000000000e+00,0.000000000000000000e+00,1.712525485949595132e-03
0.000000000000000000e+00,0.000000000000000000e+00,2.246507677870989914e-02
1.000000000000000000e+00,1.000000000000000000e+00,9.981308409659525038e-01
1.000000000000000000e+00,1.000000000000000000e+00,9.937030560082904529e-01
0.000000000000000000e+00,0.000000000000000000e+00,3.920401952464252902e-06
0.000000000000000000e+00,0.000000000000000000e+00,8.192862861936897265e-03
0.000000000000000000e+00,0.000000000000000000e+00,1.256853409580751813e-01
0.000000000000000000e+00,0.000000000000000000e+00,5.240515802023158233e-03
0.000000000000000000e+00,0.000000000000000000e+00,1.865638517493762027e-01
1.000000000000000000e+00,1.000000000000000000e+00,8.833495490572320641e-01
0.000000000000000000e+00,0.000000000000000000e+00,1.479345782311983822e-03
0.000000000000000000e+00,0.000000000000000000e+00,7.817535392046161182e-04
1.000000000000000000e+00,1.000000000000000000e+00,9.572129840656420363e-01
1.000000000000000000e+00,1.000000000000000000e+00,9.815536154227028076e-01
1.000000000000000000e+00,1.000000000000000000e+00,9.962769914544459260e-01
0.000000000000000000e+00,0.000000000000000000e+00,1.231465163016049469e-01
0.000000000000000000e+00,0.000000000000000000e+00,2.209341080023368570e-02
0.000000000000000000e+00,0.000000000000000000e+00,3.270086735845312374e-03
1.000000000000000000e+00,1.000000000000000000e+00,9.772475053118055976e-01
0.000000000000000000e+00,0.000000000000000000e+00,2.343730416883133688e-02
0.000000000000000000e+00,0.000000000000000000e+00,5.860032153962961565e-03
0.000000000000000000e+00,0.000000000000000000e+00,4.023941811874964981e-09
0.000000000000000000e+00,0.000000000000000000e+00,7.500127230064357646e-09
0.000000000000000000e+00,0.000000000000000000e+00,3.205464377599312811e-03
1.000000000000000000e+00,1.000000000000000000e+00,9.921803269304365624e-01
0.000000000000000000e+00,0.000000000000000000e+00,1.801086520235394561e-01
0.000000000000000000e+00,0.000000000000000000e+00,6.898918576159053080e-10
1.000000000000000000e+00,1.000000000000000000e+00,9.999707543365967677e-01
0.000000000000000000e+00,0.000000000000000000e+00,3.175007472906391653e-02
1.000000000000000000e+00,1.000000000000000000e+00,9.921909593144958572e-01
1.000000000000000000e+00,1.000000000000000000e+00,9.999997622775530504e-01
